Rank,model,RMSE,MAE,MAPE
1,XGBoost,81341948.16056317,76947021.43333334,55.41859428199458
2,LSTM,66549020.04014155,54870480.43333334,78.20588294202717
3,SARIMA,92491919.26848225,73131858.22217171,100.0
4,SARIMA,inf,inf,inf
5,Prophet,inf,inf,inf
6,XGBoost,inf,inf,inf
7,LSTM,inf,inf,inf
